MatNo,Plant,MatGroupName,FinancialYear,Month,month_index,actual,xgb_pred,wma_pred
MAT0001,Chennai Plant,Nova,2025-26,April,12,140,133.4352569580078,125.66666666666667
MAT0001,Pune Plant,Nova,2025-26,April,12,133,131.34072875976562,127.16666666666667
MAT0002,Chennai Plant,Nova,2025-26,April,12,154,137.40773010253906,138.5
MAT0002,Delhi Plant,Nova,2025-26,April,12,163,131.91188049316406,130.66666666666666
MAT0003,Coimbatore Plant,Pearl,2025-26,April,12,201,253.39808654785156,242.0
MAT0004,Chennai Plant,Pearl,2025-26,April,12,139,106.33055877685547,70.5
MAT0004,Delhi Plant,Pearl,2025-26,April,12,139,104.1246337890625,73.5
MAT0004,Pune Plant,Pearl,2025-26,April,12,149,104.05060577392578,77.5
MAT0005,Bengaluru Plant,Sleek,2025-26,April,12,421,508.71978759765625,394.8333333333333
MAT0005,Pune Plant,Sleek,2025-26,April,12,381,466.6812438964844,393.5
MAT0006,Chennai Plant,Sleek,2025-26,April,12,120,123.3526382446289,109.16666666666667
MAT0006,Coimbatore Plant,Sleek,2025-26,April,12,124,136.8551788330078,111.66666666666667
MAT0007,Bengaluru Plant,AeroBreeze,2025-26,April,12,26,9.015308380126953,12.333333333333334
MAT0007,Chennai Plant,AeroBreeze,2025-26,April,12,24,13.188965797424316,12.333333333333334
MAT0007,Delhi Plant,AeroBreeze,2025-26,April,12,24,10.721965789794922,12.5
MAT0007,Pune Plant,AeroBreeze,2025-26,April,12,25,11.624801635742188,12.666666666666666
MAT0008,Delhi Plant,CoolAir,2025-26,April,12,141,213.41357421875,266.1666666666667
MAT0009,Bengaluru Plant,Luminex,2025-26,April,12,316,307.70037841796875,298.8333333333333
MAT0009,Chennai Plant,Luminex,2025-26,April,12,294,289.8664855957031,295.6666666666667
MAT0010,Delhi Plant,BrightMax,2025-26,April,12,139,136.60556030273438,138.66666666666666
MAT0010,Pune Plant,BrightMax,2025-26,April,12,147,134.5657501220703,142.66666666666666
MAT0011,Chennai Plant,FlexiCore,2025-26,April,12,47,49.00297164916992,45.0
MAT0012,Coimbatore Plant,SafeLine,2025-26,April,12,24,19.62308120727539,20.333333333333332
MAT0012,Pune Plant,SafeLine,2025-26,April,12,25,19.39992904663086,20.333333333333332
MAT0013,Bengaluru Plant,DuraFix,2025-26,April,12,117,121.46075439453125,122.16666666666667
MAT0013,Delhi Plant,DuraFix,2025-26,April,12,131,128.84481811523438,127.16666666666667
MAT0014,Bengaluru Plant,SteelGrip,2025-26,April,12,13,4.649770736694336,10.833333333333334
MAT0014,Chennai Plant,SteelGrip,2025-26,April,12,134,136.9584503173828,117.33333333333333
MAT0014,Coimbatore Plant,SteelGrip,2025-26,April,12,68,59.915287017822266,55.833333333333336
MAT0014,Delhi Plant,SteelGrip,2025-26,April,12,27,19.065732955932617,22.666666666666668
MAT0014,Pune Plant,SteelGrip,2025-26,April,12,34,29.989160537719727,33.833333333333336
MAT0015,Pune Plant,StdGrade,2025-26,April,12,215,230.04574584960938,229.16666666666666
MAT0016,Chennai Plant,StdGrade,2025-26,April,12,65,122.6518783569336,127.0
MAT0016,Delhi Plant,StdGrade,2025-26,April,12,67,117.47920227050781,123.33333333333333
MAT0017,Bengaluru Plant,ReadyPack,2025-26,April,12,199,267.6797790527344,281.8333333333333
MAT0018,Bengaluru Plant,ClipFix,2025-26,April,12,472,472.0331726074219,422.0
MAT0018,Coimbatore Plant,ClipFix,2025-26,April,12,502,458.02642822265625,484.1666666666667
MAT0001,Chennai Plant,Nova,2025-26,May,13,133,137.4096221923828,132.16666666666666
MAT0001,Pune Plant,Nova,2025-26,May,13,143,137.5469207763672,129.66666666666666
MAT0002,Chennai Plant,Nova,2025-26,May,13,169,151.75184631347656,147.0
MAT0002,Delhi Plant,Nova,2025-26,May,13,156,168.0369110107422,147.5
MAT0003,Coimbatore Plant,Pearl,2025-26,May,13,228,224.26773071289062,219.16666666666666
MAT0004,Chennai Plant,Pearl,2025-26,May,13,149,134.31259155273438,103.83333333333333
MAT0004,Delhi Plant,Pearl,2025-26,May,13,161,135.5252685546875,106.66666666666667
MAT0004,Pune Plant,Pearl,2025-26,May,13,165,140.64991760253906,113.16666666666667
MAT0005,Bengaluru Plant,Sleek,2025-26,May,13,366,442.068603515625,410.6666666666667
MAT0005,Pune Plant,Sleek,2025-26,May,13,370,396.78643798828125,390.5
MAT0006,Chennai Plant,Sleek,2025-26,May,13,122,131.89418029785156,114.0
MAT0006,Coimbatore Plant,Sleek,2025-26,May,13,119,135.7917938232422,118.5
MAT0007,Bengaluru Plant,AeroBreeze,2025-26,May,13,26,26.763978958129883,19.166666666666668
MAT0007,Chennai Plant,AeroBreeze,2025-26,May,13,27,29.530065536499023,18.166666666666668
MAT0007,Delhi Plant,AeroBreeze,2025-26,May,13,25,29.355253219604492,18.166666666666668
MAT0007,Pune Plant,AeroBreeze,2025-26,May,13,24,31.021366119384766,19.0
MAT0008,Delhi Plant,CoolAir,2025-26,May,13,397,204.18081665039062,216.83333333333334
MAT0009,Bengaluru Plant,Luminex,2025-26,May,13,290,305.1503601074219,306.1666666666667
MAT0009,Chennai Plant,Luminex,2025-26,May,13,312,315.6011047363281,297.0
MAT0010,Delhi Plant,BrightMax,2025-26,May,13,162,144.4241485595703,137.66666666666666
MAT0010,Pune Plant,BrightMax,2025-26,May,13,152,145.09185791015625,144.66666666666666
MAT0011,Chennai Plant,FlexiCore,2025-26,May,13,46,48.778106689453125,45.833333333333336
MAT0012,Coimbatore Plant,SafeLine,2025-26,May,13,23,25.201387405395508,22.333333333333332
MAT0012,Pune Plant,SafeLine,2025-26,May,13,22,27.24715232849121,22.666666666666668
MAT0013,Bengaluru Plant,DuraFix,2025-26,May,13,129,127.06256866455078,122.0
MAT0013,Delhi Plant,DuraFix,2025-26,May,13,121,132.53155517578125,128.66666666666666
MAT0014,Bengaluru Plant,SteelGrip,2025-26,May,13,12,16.014572143554688,12.0
MAT0014,Chennai Plant,SteelGrip,2025-26,May,13,138,142.2259979248047,123.66666666666667
MAT0014,Coimbatore Plant,SteelGrip,2025-26,May,13,63,78.65766143798828,62.0
MAT0014,Delhi Plant,SteelGrip,2025-26,May,13,29,27.751190185546875,24.833333333333332
MAT0014,Pune Plant,SteelGrip,2025-26,May,13,42,37.40248107910156,33.5
MAT0015,Pune Plant,StdGrade,2025-26,May,13,242,216.2145233154297,224.0
MAT0016,Chennai Plant,StdGrade,2025-26,May,13,63,83.14784240722656,96.33333333333333
MAT0016,Delhi Plant,StdGrade,2025-26,May,13,70,81.66327667236328,94.66666666666667
MAT0017,Bengaluru Plant,ReadyPack,2025-26,May,13,188,220.69210815429688,239.83333333333334
MAT0018,Bengaluru Plant,ClipFix,2025-26,May,13,459,461.303466796875,448.0
MAT0018,Coimbatore Plant,ClipFix,2025-26,May,13,525,490.29052734375,493.3333333333333
MAT0001,Chennai Plant,Nova,2025-26,June,14,127,134.79632568359375,133.5
MAT0001,Pune Plant,Nova,2025-26,June,14,133,137.9772491455078,137.0
MAT0002,Chennai Plant,Nova,2025-26,June,14,172,193.09425354003906,159.33333333333334
MAT0002,Delhi Plant,Nova,2025-26,June,14,164,156.78836059570312,154.33333333333334
MAT0003,Coimbatore Plant,Pearl,2025-26,June,14,207,228.78138732910156,219.33333333333334
MAT0004,Chennai Plant,Pearl,2025-26,June,14,164,163.33099365234375,132.16666666666666
MAT0004,Delhi Plant,Pearl,2025-26,June,14,136,161.3515625,139.5
MAT0004,Pune Plant,Pearl,2025-26,June,14,161,170.6758270263672,144.83333333333334
MAT0005,Bengaluru Plant,Sleek,2025-26,June,14,415,381.2016906738281,389.1666666666667
MAT0005,Pune Plant,Sleek,2025-26,June,14,404,353.80633544921875,381.1666666666667
MAT0006,Chennai Plant,Sleek,2025-26,June,14,118,121.63874816894531,118.0
MAT0006,Coimbatore Plant,Sleek,2025-26,June,14,114,121.25486755371094,120.33333333333333
MAT0007,Bengaluru Plant,AeroBreeze,2025-26,June,14,24,26.589134216308594,23.833333333333332
MAT0007,Chennai Plant,AeroBreeze,2025-26,June,14,24,27.91480827331543,23.5
MAT0007,Delhi Plant,AeroBreeze,2025-26,June,14,28,25.748193740844727,22.5
MAT0007,Pune Plant,AeroBreeze,2025-26,June,14,26,25.16160774230957,22.5
MAT0008,Delhi Plant,CoolAir,2025-26,June,14,242,223.16854858398438,295.3333333333333
MAT0009,Bengaluru Plant,Luminex,2025-26,June,14,323,318.4695129394531,299.3333333333333
MAT0009,Chennai Plant,Luminex,2025-26,June,14,321,310.7004089355469,305.1666666666667
MAT0010,Delhi Plant,BrightMax,2025-26,June,14,140,155.0458984375,149.16666666666666
MAT0010,Pune Plant,BrightMax,2025-26,June,14,161,142.6078338623047,148.5
MAT0011,Chennai Plant,FlexiCore,2025-26,June,14,45,45.09715270996094,46.166666666666664
MAT0012,Coimbatore Plant,SafeLine,2025-26,June,14,22,22.937423706054688,22.833333333333332
MAT0012,Pune Plant,SafeLine,2025-26,June,14,23,22.156291961669922,22.833333333333332
MAT0013,Bengaluru Plant,DuraFix,2025-26,June,14,111,116.10185241699219,124.33333333333333
MAT0013,Delhi Plant,DuraFix,2025-26,June,14,100,114.73341369628906,124.5
MAT0014,Bengaluru Plant,SteelGrip,2025-26,June,14,14,13.607917785644531,12.166666666666666
MAT0014,Chennai Plant,SteelGrip,2025-26,June,14,155,149.71475219726562,132.33333333333334
MAT0014,Coimbatore Plant,SteelGrip,2025-26,June,14,70,58.26445388793945,64.0
MAT0014,Delhi Plant,SteelGrip,2025-26,June,14,27,25.137609481811523,27.333333333333332
MAT0014,Pune Plant,SteelGrip,2025-26,June,14,41,36.53489685058594,37.666666666666664
MAT0015,Pune Plant,StdGrade,2025-26,June,14,217,218.01922607421875,231.66666666666666
MAT0016,Chennai Plant,StdGrade,2025-26,June,14,67,69.90637969970703,73.83333333333333
MAT0016,Delhi Plant,StdGrade,2025-26,June,14,65,72.30936431884766,77.5
MAT0017,Bengaluru Plant,ReadyPack,2025-26,June,14,224,226.1315460205078,206.66666666666666
MAT0018,Bengaluru Plant,ClipFix,2025-26,June,14,490,444.6915283203125,456.1666666666667
MAT0018,Coimbatore Plant,ClipFix,2025-26,June,14,517,482.3636169433594,510.3333333333333
MAT0001,Chennai Plant,Nova,2025-26,July,15,124,128.55540466308594,131.16666666666666
MAT0001,Pune Plant,Nova,2025-26,July,15,143,133.76844787597656,136.33333333333334
MAT0002,Chennai Plant,Nova,2025-26,July,15,162,170.48483276367188,168.0
MAT0002,Delhi Plant,Nova,2025-26,July,15,168,148.24688720703125,161.16666666666666
MAT0003,Coimbatore Plant,Pearl,2025-26,July,15,196,218.97923278808594,213.0
MAT0004,Chennai Plant,Pearl,2025-26,July,15,71,80.31399536132812,154.83333333333334
MAT0004,Delhi Plant,Pearl,2025-26,July,15,83,75.4479751586914,144.83333333333334
MAT0004,Pune Plant,Pearl,2025-26,July,15,74,80.70513153076172,160.33333333333334
MAT0005,Bengaluru Plant,Sleek,2025-26,July,15,802,619.3460083007812,399.6666666666667
MAT0005,Pune Plant,Sleek,2025-26,July,15,784,666.5189819335938,388.8333333333333
MAT0006,Chennai Plant,Sleek,2025-26,July,15,113,139.58999633789062,119.66666666666667
MAT0006,Coimbatore Plant,Sleek,2025-26,July,15,115,138.3760223388672,117.33333333333333
MAT0007,Bengaluru Plant,AeroBreeze,2025-26,July,15,13,2.2905900478363037,25.0
MAT0007,Chennai Plant,AeroBreeze,2025-26,July,15,12,3.370800256729126,25.0
MAT0007,Delhi Plant,AeroBreeze,2025-26,July,15,13,4.763689994812012,26.333333333333332
MAT0007,Pune Plant,AeroBreeze,2025-26,July,15,14,4.4273505210876465,25.166666666666668
MAT0008,Delhi Plant,CoolAir,2025-26,July,15,167,347.76715087890625,276.8333333333333
MAT0009,Bengaluru Plant,Luminex,2025-26,July,15,294,330.4482116699219,310.8333333333333
MAT0009,Chennai Plant,Luminex,2025-26,July,15,331,436.0128173828125,313.5
MAT0010,Delhi Plant,BrightMax,2025-26,July,15,141,148.41371154785156,147.16666666666666
MAT0010,Pune Plant,BrightMax,2025-26,July,15,153,148.9300537109375,155.66666666666666
MAT0011,Chennai Plant,FlexiCore,2025-26,July,15,45,43.875274658203125,45.666666666666664
MAT0012,Coimbatore Plant,SafeLine,2025-26,July,15,24,20.963483810424805,22.666666666666668
MAT0012,Pune Plant,SafeLine,2025-26,July,15,22,21.45477867126465,23.0
MAT0013,Bengaluru Plant,DuraFix,2025-26,July,15,129,110.53067779541016,118.0
MAT0013,Delhi Plant,DuraFix,2025-26,July,15,112,115.90528106689453,112.16666666666667
MAT0014,Bengaluru Plant,SteelGrip,2025-26,July,15,11,14.372917175292969,13.166666666666666
MAT0014,Chennai Plant,SteelGrip,2025-26,July,15,132,146.0535125732422,145.83333333333334
MAT0014,Coimbatore Plant,SteelGrip,2025-26,July,15,64,61.19619369506836,67.33333333333333
MAT0014,Delhi Plant,SteelGrip,2025-26,July,15,22,26.936487197875977,27.666666666666668
MAT0014,Pune Plant,SteelGrip,2025-26,July,15,35,37.99004364013672,40.166666666666664
MAT0015,Pune Plant,StdGrade,2025-26,July,15,209,220.54673767089844,225.0
MAT0016,Chennai Plant,StdGrade,2025-26,July,15,64,69.27491760253906,65.33333333333333
MAT0016,Delhi Plant,StdGrade,2025-26,July,15,65,69.06710815429688,67.0
MAT0017,Bengaluru Plant,ReadyPack,2025-26,July,15,198,212.3336181640625,207.83333333333334
MAT0018,Bengaluru Plant,ClipFix,2025-26,July,15,479,452.9838562011719,476.6666666666667
MAT0018,Coimbatore Plant,ClipFix,2025-26,July,15,524,471.2279968261719,517.1666666666666
MAT0001,Chennai Plant,Nova,2025-26,August,16,128,131.69076538085938,126.5
MAT0001,Pune Plant,Nova,2025-26,August,16,136,134.54454040527344,139.66666666666666
MAT0002,Chennai Plant,Nova,2025-26,August,16,145,157.3205108642578,166.5
MAT0002,Delhi Plant,Nova,2025-26,August,16,161,178.26063537597656,164.66666666666666
MAT0003,Coimbatore Plant,Pearl,2025-26,August,16,205,224.07269287109375,205.0
MAT0004,Chennai Plant,Pearl,2025-26,August,16,77,95.08348083496094,115.0
MAT0004,Delhi Plant,Pearl,2025-26,August,16,84,73.46064758300781,113.66666666666667
MAT0004,Pune Plant,Pearl,2025-26,August,16,72,89.94867706298828,118.16666666666667
MAT0005,Bengaluru Plant,Sleek,2025-26,August,16,822,755.588623046875,600.3333333333334
MAT0005,Pune Plant,Sleek,2025-26,August,16,828,740.592041015625,588.3333333333334
MAT0006,Chennai Plant,Sleek,2025-26,August,16,117,123.17767333984375,116.16666666666667
MAT0006,Coimbatore Plant,Sleek,2025-26,August,16,106,129.2126007080078,115.33333333333333
MAT0007,Bengaluru Plant,AeroBreeze,2025-26,August,16,14,15.954760551452637,18.833333333333332
MAT0007,Chennai Plant,AeroBreeze,2025-26,August,16,14,17.44654083251953,18.5
MAT0007,Delhi Plant,AeroBreeze,2025-26,August,16,13,15.727307319641113,20.0
MAT0007,Pune Plant,AeroBreeze,2025-26,August,16,15,14.859827995300293,19.666666666666668
MAT0008,Delhi Plant,CoolAir,2025-26,August,16,165,349.34320068359375,230.33333333333334
MAT0009,Bengaluru Plant,Luminex,2025-26,August,16,326,348.5670166015625,303.0
MAT0009,Chennai Plant,Luminex,2025-26,August,16,324,349.42291259765625,324.5
MAT0010,Delhi Plant,BrightMax,2025-26,August,16,159,165.10992431640625,144.16666666666666
MAT0010,Pune Plant,BrightMax,2025-26,August,16,158,163.0688018798828,155.5
MAT0011,Chennai Plant,FlexiCore,2025-26,August,16,42,45.12535095214844,45.166666666666664
MAT0012,Coimbatore Plant,SafeLine,2025-26,August,16,24,21.279863357543945,23.166666666666668
MAT0012,Pune Plant,SafeLine,2025-26,August,16,26,21.27128791809082,22.333333333333332
MAT0013,Bengaluru Plant,DuraFix,2025-26,August,16,132,117.63203430175781,123.0
MAT0013,Delhi Plant,DuraFix,2025-26,August,16,110,112.72288513183594,109.5
MAT0014,Bengaluru Plant,SteelGrip,2025-26,August,16,11,14.142242431640625,12.166666666666666
MAT0014,Chennai Plant,SteelGrip,2025-26,August,16,133,146.50900268554688,140.66666666666666
MAT0014,Coimbatore Plant,SteelGrip,2025-26,August,16,65,61.49770736694336,65.83333333333333
MAT0014,Delhi Plant,SteelGrip,2025-26,August,16,28,23.048791885375977,24.833333333333332
MAT0014,Pune Plant,SteelGrip,2025-26,August,16,36,36.026607513427734,38.166666666666664
MAT0015,Pune Plant,StdGrade,2025-26,August,16,215,221.6310272216797,217.16666666666666
MAT0016,Chennai Plant,StdGrade,2025-26,August,16,71,64.50345611572266,64.83333333333333
MAT0016,Delhi Plant,StdGrade,2025-26,August,16,63,66.98509979248047,65.83333333333333
MAT0017,Bengaluru Plant,ReadyPack,2025-26,August,16,211,236.25320434570312,205.0
MAT0018,Bengaluru Plant,ClipFix,2025-26,August,16,499,504.3193054199219,479.3333333333333
MAT0018,Coimbatore Plant,ClipFix,2025-26,August,16,485,515.22265625,521.8333333333334
MAT0001,Chennai Plant,Nova,2025-26,September,17,135,136.0089569091797,126.5
MAT0001,Pune Plant,Nova,2025-26,September,17,142,141.10009765625,137.83333333333334
MAT0002,Chennai Plant,Nova,2025-26,September,17,172,153.44065856933594,155.16666666666666
MAT0002,Delhi Plant,Nova,2025-26,September,17,170,151.67408752441406,163.83333333333334
MAT0003,Coimbatore Plant,Pearl,2025-26,September,17,192,219.71607971191406,202.33333333333334
MAT0004,Chennai Plant,Pearl,2025-26,September,17,80,77.73113250732422,89.5
MAT0004,Delhi Plant,Pearl,2025-26,September,17,84,81.52548217773438,92.33333333333333
MAT0004,Pune Plant,Pearl,2025-26,September,17,81,72.55299377441406,87.5
MAT0005,Bengaluru Plant,Sleek,2025-26,September,17,841,770.974609375,747.5
MAT0005,Pune Plant,Sleek,2025-26,September,17,742,792.26171875,742.6666666666666
MAT0006,Chennai Plant,Sleek,2025-26,September,17,121,128.02630615234375,115.83333333333333
MAT0006,Coimbatore Plant,Sleek,2025-26,September,17,110,121.82737731933594,110.33333333333333
MAT0007,Bengaluru Plant,AeroBreeze,2025-26,September,17,15,12.813191413879395,15.333333333333334
MAT0007,Chennai Plant,AeroBreeze,2025-26,September,17,12,15.542566299438477,15.0
MAT0007,Delhi Plant,AeroBreeze,2025-26,September,17,14,13.963117599487305,15.5
MAT0007,Pune Plant,AeroBreeze,2025-26,September,17,13,13.996078491210938,16.5
MAT0008,Delhi Plant,CoolAir,2025-26,September,17,499,265.6929931640625,178.5
MAT0009,Bengaluru Plant,Luminex,2025-26,September,17,301,296.2762145996094,314.8333333333333
MAT0009,Chennai Plant,Luminex,2025-26,September,17,293,341.0375671386719,325.8333333333333
MAT0010,Delhi Plant,BrightMax,2025-26,September,17,138,154.89239501953125,149.83333333333334
MAT0010,Pune Plant,BrightMax,2025-26,September,17,157,158.42405700683594,156.83333333333334
MAT0011,Chennai Plant,FlexiCore,2025-26,September,17,47,44.50011444091797,43.5
MAT0012,Coimbatore Plant,SafeLine,2025-26,September,17,25,23.565181732177734,23.666666666666668
MAT0012,Pune Plant,SafeLine,2025-26,September,17,23,22.89280128479004,24.166666666666668
MAT0013,Bengaluru Plant,DuraFix,2025-26,September,17,132,130.21421813964844,127.5
MAT0013,Delhi Plant,DuraFix,2025-26,September,17,120,121.11653137207031,109.0
MAT0014,Bengaluru Plant,SteelGrip,2025-26,September,17,11,14.558211326599121,11.5
MAT0014,Chennai Plant,SteelGrip,2025-26,September,17,118,143.73817443847656,136.33333333333334
MAT0014,Coimbatore Plant,SteelGrip,2025-26,September,17,71,64.76516723632812,65.5
MAT0014,Delhi Plant,SteelGrip,2025-26,September,17,28,25.566741943359375,25.833333333333332
MAT0014,Pune Plant,SteelGrip,2025-26,September,17,36,38.29386520385742,36.5
MAT0015,Pune Plant,StdGrade,2025-26,September,17,225,218.347900390625,213.33333333333334
MAT0016,Chennai Plant,StdGrade,2025-26,September,17,67,69.88031005859375,68.0
MAT0016,Delhi Plant,StdGrade,2025-26,September,17,71,67.33000946044922,64.0
MAT0017,Bengaluru Plant,ReadyPack,2025-26,September,17,188,229.5402069091797,208.83333333333334
MAT0018,Bengaluru Plant,ClipFix,2025-26,September,17,527,504.19940185546875,490.8333333333333
MAT0018,Coimbatore Plant,ClipFix,2025-26,September,17,465,479.44708251953125,503.3333333333333
MAT0001,Chennai Plant,Nova,2025-26,October,18,139,136.88348388671875,130.83333333333334
MAT0001,Pune Plant,Nova,2025-26,October,18,136,135.3384552001953,140.16666666666666
MAT0002,Chennai Plant,Nova,2025-26,October,18,173,181.8275146484375,161.33333333333334
MAT0002,Delhi Plant,Nova,2025-26,October,18,157,184.32061767578125,166.66666666666666
MAT0003,Coimbatore Plant,Pearl,2025-26,October,18,224,257.6073913574219,197.0
MAT0004,Chennai Plant,Pearl,2025-26,October,18,84,77.63200378417969,77.5
MAT0004,Delhi Plant,Pearl,2025-26,October,18,78,88.83014678955078,83.83333333333333
MAT0004,Pune Plant,Pearl,2025-26,October,18,80,76.82427215576172,76.83333333333333
MAT0005,Bengaluru Plant,Sleek,2025-26,October,18,373,390.32940673828125,828.1666666666666
MAT0005,Pune Plant,Sleek,2025-26,October,18,406,376.1127624511719,777.6666666666666
MAT0006,Chennai Plant,Sleek,2025-26,October,18,235,159.7329559326172,118.33333333333333
MAT0006,Coimbatore Plant,Sleek,2025-26,October,18,207,151.09432983398438,109.5
MAT0007,Bengaluru Plant,AeroBreeze,2025-26,October,18,13,13.433165550231934,14.333333333333334
MAT0007,Chennai Plant,AeroBreeze,2025-26,October,18,15,14.095337867736816,12.666666666666666
MAT0007,Delhi Plant,AeroBreeze,2025-26,October,18,14,13.28105640411377,13.5
MAT0007,Pune Plant,AeroBreeze,2025-26,October,18,15,13.840112686157227,13.833333333333334
MAT0008,Delhi Plant,CoolAir,2025-26,October,18,452,250.61561584472656,332.3333333333333
MAT0009,Bengaluru Plant,Luminex,2025-26,October,18,645,526.7195434570312,308.1666666666667
MAT0009,Chennai Plant,Luminex,2025-26,October,18,649,540.3814086914062,309.6666666666667
MAT0010,Delhi Plant,BrightMax,2025-26,October,18,157,147.6223602294922,145.5
MAT0010,Pune Plant,BrightMax,2025-26,October,18,147,151.10519409179688,156.66666666666666
MAT0011,Chennai Plant,FlexiCore,2025-26,October,18,47,46.76268768310547,45.0
MAT0012,Coimbatore Plant,SafeLine,2025-26,October,18,24,24.517107009887695,24.5
MAT0012,Pune Plant,SafeLine,2025-26,October,18,24,23.183414459228516,23.833333333333332
MAT0013,Bengaluru Plant,DuraFix,2025-26,October,18,102,129.7878875732422,131.5
MAT0013,Delhi Plant,DuraFix,2025-26,October,18,108,125.9708480834961,115.33333333333333
MAT0014,Bengaluru Plant,SteelGrip,2025-26,October,18,13,12.49809455871582,11.0
MAT0014,Chennai Plant,SteelGrip,2025-26,October,18,151,135.8456268310547,125.33333333333333
MAT0014,Coimbatore Plant,SteelGrip,2025-26,October,18,61,67.6658935546875,67.83333333333333
MAT0014,Delhi Plant,SteelGrip,2025-26,October,18,26,25.56209373474121,27.0
MAT0014,Pune Plant,SteelGrip,2025-26,October,18,39,35.7802734375,35.833333333333336
MAT0015,Pune Plant,StdGrade,2025-26,October,18,218,213.98744201660156,219.0
MAT0016,Chennai Plant,StdGrade,2025-26,October,18,68,71.10856628417969,67.83333333333333
MAT0016,Delhi Plant,StdGrade,2025-26,October,18,73,72.8962173461914,67.33333333333333
MAT0017,Bengaluru Plant,ReadyPack,2025-26,October,18,192,237.8412628173828,197.33333333333334
MAT0018,Bengaluru Plant,ClipFix,2025-26,October,18,507,479.69219970703125,509.6666666666667
MAT0018,Coimbatore Plant,ClipFix,2025-26,October,18,463,408.454345703125,481.5
MAT0001,Chennai Plant,Nova,2025-26,November,19,133,141.72984313964844,135.83333333333334
MAT0001,Pune Plant,Nova,2025-26,November,19,133,140.327392578125,138.0
MAT0002,Chennai Plant,Nova,2025-26,November,19,153,169.2015838623047,168.0
MAT0002,Delhi Plant,Nova,2025-26,November,19,156,135.8512725830078,162.0
MAT0003,Coimbatore Plant,Pearl,2025-26,November,19,192,201.12109375,210.16666666666666
MAT0004,Chennai Plant,Pearl,2025-26,November,19,78,76.61470031738281,81.5
MAT0004,Delhi Plant,Pearl,2025-26,November,19,72,75.60472106933594,81.0
MAT0004,Pune Plant,Pearl,2025-26,November,19,84,75.74066162109375,79.0
MAT0005,Bengaluru Plant,Sleek,2025-26,November,19,402,383.10693359375,603.8333333333334
MAT0005,Pune Plant,Sleek,2025-26,November,19,399,390.4049377441406,588.3333333333334
MAT0006,Chennai Plant,Sleek,2025-26,November,19,208,233.3754425048828,177.33333333333334
MAT0006,Coimbatore Plant,Sleek,2025-26,November,19,226,217.885498046875,157.83333333333334
MAT0007,Bengaluru Plant,AeroBreeze,2025-26,November,19,12,13.418074607849121,13.833333333333334
MAT0007,Chennai Plant,AeroBreeze,2025-26,November,19,14,13.058026313781738,13.833333333333334
MAT0007,Delhi Plant,AeroBreeze,2025-26,November,19,12,13.53385066986084,13.833333333333334
MAT0007,Pune Plant,AeroBreeze,2025-26,November,19,14,13.244292259216309,14.333333333333334
MAT0008,Delhi Plant,CoolAir,2025-26,November,19,203,383.35577392578125,419.8333333333333
MAT0009,Bengaluru Plant,Luminex,2025-26,November,19,618,557.0896606445312,477.1666666666667
MAT0009,Chennai Plant,Luminex,2025-26,November,19,625,594.0582885742188,476.1666666666667
MAT0010,Delhi Plant,BrightMax,2025-26,November,19,163,148.3976593017578,151.0
MAT0010,Pune Plant,BrightMax,2025-26,November,19,154,151.9076385498047,152.16666666666666
MAT0011,Chennai Plant,FlexiCore,2025-26,November,19,44,44.67912292480469,46.166666666666664
MAT0012,Coimbatore Plant,SafeLine,2025-26,November,19,23,22.389408111572266,24.333333333333332
MAT0012,Pune Plant,SafeLine,2025-26,November,19,26,22.34487533569336,24.0
MAT0013,Bengaluru Plant,DuraFix,2025-26,November,19,93,109.85314178466797,117.0
MAT0013,Delhi Plant,DuraFix,2025-26,November,19,126,130.16796875,112.33333333333333
MAT0014,Bengaluru Plant,SteelGrip,2025-26,November,19,11,14.050751686096191,12.0
MAT0014,Chennai Plant,SteelGrip,2025-26,November,19,133,142.0449981689453,137.0
MAT0014,Coimbatore Plant,SteelGrip,2025-26,November,19,61,61.649227142333984,65.0
MAT0014,Delhi Plant,SteelGrip,2025-26,November,19,27,24.6737003326416,27.0
MAT0014,Pune Plant,SteelGrip,2025-26,November,19,39,36.38274002075195,37.5
MAT0015,Pune Plant,StdGrade,2025-26,November,19,223,218.8699493408203,219.83333333333334
MAT0016,Chennai Plant,StdGrade,2025-26,November,19,73,72.95600891113281,68.16666666666667
MAT0016,Delhi Plant,StdGrade,2025-26,November,19,63,70.86366271972656,70.66666666666667
MAT0017,Bengaluru Plant,ReadyPack,2025-26,November,19,211,199.9573211669922,193.83333333333334
MAT0018,Bengaluru Plant,ClipFix,2025-26,November,19,534,517.5545654296875,512.3333333333334
MAT0018,Coimbatore Plant,ClipFix,2025-26,November,19,519,460.9247131347656,467.3333333333333
MAT0001,Chennai Plant,Nova,2025-26,December,20,136,132.3144989013672,135.33333333333334
MAT0001,Pune Plant,Nova,2025-26,December,20,135,134.33241271972656,135.5
MAT0002,Chennai Plant,Nova,2025-26,December,20,157,154.6315460205078,162.83333333333334
MAT0002,Delhi Plant,Nova,2025-26,December,20,169,166.17909240722656,158.66666666666666
MAT0003,Coimbatore Plant,Pearl,2025-26,December,20,202,217.0785369873047,202.66666666666666
MAT0004,Chennai Plant,Pearl,2025-26,December,20,81,75.0169677734375,80.33333333333333
MAT0004,Delhi Plant,Pearl,2025-26,December,20,85,75.52618408203125,76.0
MAT0004,Pune Plant,Pearl,2025-26,December,20,83,79.61559295654297,82.16666666666667
MAT0005,Bengaluru Plant,Sleek,2025-26,December,20,377,405.6210021972656,465.5
MAT0005,Pune Plant,Sleek,2025-26,December,20,418,394.46142578125,458.5
MAT0006,Chennai Plant,Sleek,2025-26,December,20,231,230.80555725097656,202.5
MAT0006,Coimbatore Plant,Sleek,2025-26,December,20,229,234.01719665527344,200.33333333333334
MAT0007,Bengaluru Plant,AeroBreeze,2025-26,December,20,12,14.135457992553711,12.833333333333334
MAT0007,Chennai Plant,AeroBreeze,2025-26,December,20,13,13.811893463134766,14.0
MAT0007,Delhi Plant,AeroBreeze,2025-26,December,20,14,13.0435209274292,13.0
MAT0007,Pune Plant,AeroBreeze,2025-26,December,20,14,13.0435209274292,14.166666666666666
MAT0008,Delhi Plant,CoolAir,2025-26,December,20,337,424.624755859375,335.3333333333333
MAT0009,Bengaluru Plant,Luminex,2025-26,December,20,604,663.6502075195312,574.1666666666666
MAT0009,Chennai Plant,Luminex,2025-26,December,20,552,721.2780151367188,577.6666666666666
MAT0010,Delhi Plant,BrightMax,2025-26,December,20,151,156.19363403320312,156.83333333333334
MAT0010,Pune Plant,BrightMax,2025-26,December,20,138,150.9359893798828,152.16666666666666
MAT0011,Chennai Plant,FlexiCore,2025-26,December,20,47,44.73295974731445,45.5
MAT0012,Coimbatore Plant,SafeLine,2025-26,December,20,24,23.504301071166992,23.666666666666668
MAT0012,Pune Plant,SafeLine,2025-26,December,20,25,25.55630874633789,24.833333333333332
MAT0013,Bengaluru Plant,DuraFix,2025-26,December,20,92,98.22734069824219,102.5
MAT0013,Delhi Plant,DuraFix,2025-26,December,20,108,129.3596649169922,119.0
MAT0014,Bengaluru Plant,SteelGrip,2025-26,December,20,12,13.687057495117188,11.666666666666666
MAT0014,Chennai Plant,SteelGrip,2025-26,December,20,146,127.23484802246094,136.5
MAT0014,Coimbatore Plant,SteelGrip,2025-26,December,20,54,60.31589126586914,62.666666666666664
MAT0014,Delhi Plant,SteelGrip,2025-26,December,20,26,26.233001708984375,26.833333333333332
MAT0014,Pune Plant,SteelGrip,2025-26,December,20,40,37.08922576904297,38.5
MAT0015,Pune Plant,StdGrade,2025-26,December,20,226,218.0677032470703,221.66666666666666
MAT0016,Chennai Plant,StdGrade,2025-26,December,20,73,70.37793731689453,70.33333333333333
MAT0016,Delhi Plant,StdGrade,2025-26,December,20,73,66.17569732666016,67.66666666666667
MAT0017,Bengaluru Plant,ReadyPack,2025-26,December,20,217,218.97593688964844,200.83333333333334
MAT0018,Bengaluru Plant,ClipFix,2025-26,December,20,534,459.534912109375,523.8333333333334
MAT0018,Coimbatore Plant,ClipFix,2025-26,December,20,533,513.6268920898438,491.3333333333333
MAT0001,Chennai Plant,Nova,2025-26,January,21,122,135.70494079589844,135.5
MAT0001,Pune Plant,Nova,2025-26,January,21,141,136.29371643066406,134.5
MAT0002,Chennai Plant,Nova,2025-26,January,21,164,163.4786376953125,158.33333333333334
MAT0002,Delhi Plant,Nova,2025-26,January,21,151,169.3038330078125,162.66666666666666
MAT0003,Coimbatore Plant,Pearl,2025-26,January,21,206,210.63185119628906,202.33333333333334
MAT0004,Chennai Plant,Pearl,2025-26,January,21,75,83.39418029785156,80.5
MAT0004,Delhi Plant,Pearl,2025-26,January,21,82,84.07257080078125,79.5
MAT0004,Pune Plant,Pearl,2025-26,January,21,74,82.87799072265625,82.83333333333333
MAT0005,Bengaluru Plant,Sleek,2025-26,January,21,413,376.26611328125,384.6666666666667
MAT0005,Pune Plant,Sleek,2025-26,January,21,408,387.308349609375,409.6666666666667
MAT0006,Chennai Plant,Sleek,2025-26,January,21,124,112.58158874511719,224.0
MAT0006,Coimbatore Plant,Sleek,2025-26,January,21,105,112.74323272705078,224.33333333333334
MAT0007,Bengaluru Plant,AeroBreeze,2025-26,January,21,12,13.885207176208496,12.166666666666666
MAT0007,Chennai Plant,AeroBreeze,2025-26,January,21,13,14.227367401123047,13.666666666666666
MAT0007,Delhi Plant,AeroBreeze,2025-26,January,21,14,15.318909645080566,13.333333333333334
MAT0007,Pune Plant,AeroBreeze,2025-26,January,21,12,14.543828964233398,14.166666666666666
MAT0008,Delhi Plant,CoolAir,2025-26,January,21,173,249.62855529785156,311.5
MAT0009,Bengaluru Plant,Luminex,2025-26,January,21,286,259.3482971191406,615.5
MAT0009,Chennai Plant,Luminex,2025-26,January,21,288,246.3170166015625,592.5
MAT0010,Delhi Plant,BrightMax,2025-26,January,21,159,151.79510498046875,156.0
MAT0010,Pune Plant,BrightMax,2025-26,January,21,152,149.0304412841797,144.83333333333334
MAT0011,Chennai Plant,FlexiCore,2025-26,January,21,45,50.299400329589844,46.0
MAT0012,Coimbatore Plant,SafeLine,2025-26,January,21,24,23.942846298217773,23.666666666666668
MAT0012,Pune Plant,SafeLine,2025-26,January,21,26,24.461084365844727,25.166666666666668
MAT0013,Bengaluru Plant,DuraFix,2025-26,January,21,115,97.83075714111328,94.0
MAT0013,Delhi Plant,DuraFix,2025-26,January,21,127,125.8288803100586,114.0
MAT0014,Bengaluru Plant,SteelGrip,2025-26,January,21,14,13.97524642944336,11.833333333333334
MAT0014,Chennai Plant,SteelGrip,2025-26,January,21,150,139.17431640625,142.5
MAT0014,Coimbatore Plant,SteelGrip,2025-26,January,21,67,68.13436126708984,57.5
MAT0014,Delhi Plant,SteelGrip,2025-26,January,21,23,27.250125885009766,26.333333333333332
MAT0014,Pune Plant,SteelGrip,2025-26,January,21,38,37.73826217651367,39.5
MAT0015,Pune Plant,StdGrade,2025-26,January,21,220,209.18722534179688,223.66666666666666
MAT0016,Chennai Plant,StdGrade,2025-26,January,21,140,95.90699768066406,72.16666666666667
MAT0016,Delhi Plant,StdGrade,2025-26,January,21,137,103.88975524902344,69.66666666666667
MAT0017,Bengaluru Plant,ReadyPack,2025-26,January,21,229,209.7420654296875,210.83333333333334
MAT0018,Bengaluru Plant,ClipFix,2025-26,January,21,470,465.9528503417969,529.5
MAT0018,Coimbatore Plant,ClipFix,2025-26,January,21,518,491.6470031738281,516.6666666666666
MAT0001,Chennai Plant,Nova,2025-26,February,22,137,130.94384765625,128.5
MAT0001,Pune Plant,Nova,2025-26,February,22,126,134.5309295654297,137.66666666666666
MAT0002,Chennai Plant,Nova,2025-26,February,22,167,154.68218994140625,159.83333333333334
MAT0002,Delhi Plant,Nova,2025-26,February,22,146,150.5448455810547,157.83333333333334
MAT0003,Coimbatore Plant,Pearl,2025-26,February,22,223,210.5297393798828,202.33333333333334
MAT0004,Chennai Plant,Pearl,2025-26,February,22,73,76.68788146972656,77.5
MAT0004,Delhi Plant,Pearl,2025-26,February,22,71,77.71233367919922,81.33333333333333
MAT0004,Pune Plant,Pearl,2025-26,February,22,73,76.15231323242188,78.66666666666667
MAT0005,Bengaluru Plant,Sleek,2025-26,February,22,411,423.555419921875,399.1666666666667
MAT0005,Pune Plant,Sleek,2025-26,February,22,409,411.57025146484375,409.8333333333333
MAT0006,Chennai Plant,Sleek,2025-26,February,22,114,121.89276885986328,173.66666666666666
MAT0006,Coimbatore Plant,Sleek,2025-26,February,22,106,105.5656509399414,166.5
MAT0007,Bengaluru Plant,AeroBreeze,2025-26,February,22,14,13.033886909484863,12.0
MAT0007,Chennai Plant,AeroBreeze,2025-26,February,22,13,14.331097602844238,13.166666666666666
MAT0007,Delhi Plant,AeroBreeze,2025-26,February,22,12,13.089160919189453,13.666666666666666
MAT0007,Pune Plant,AeroBreeze,2025-26,February,22,14,13.179121971130371,13.0
MAT0008,Delhi Plant,CoolAir,2025-26,February,22,381,292.677978515625,232.66666666666666
MAT0009,Bengaluru Plant,Luminex,2025-26,February,22,324,280.30279541015625,447.3333333333333
MAT0009,Chennai Plant,Luminex,2025-26,February,22,330,281.7790832519531,432.1666666666667
MAT0010,Delhi Plant,BrightMax,2025-26,February,22,159,159.25473022460938,157.0
MAT0010,Pune Plant,BrightMax,2025-26,February,22,146,151.92434692382812,147.66666666666666
MAT0011,Chennai Plant,FlexiCore,2025-26,February,22,48,45.61432647705078,45.5
MAT0012,Coimbatore Plant,SafeLine,2025-26,February,22,22,23.214487075805664,23.833333333333332
MAT0012,Pune Plant,SafeLine,2025-26,February,22,22,24.27717399597168,25.666666666666668
MAT0013,Bengaluru Plant,DuraFix,2025-26,February,22,112,139.0496063232422,103.66666666666667
MAT0013,Delhi Plant,DuraFix,2025-26,February,22,131,135.38192749023438,120.5
MAT0014,Bengaluru Plant,SteelGrip,2025-26,February,22,11,16.049488067626953,12.833333333333334
MAT0014,Chennai Plant,SteelGrip,2025-26,February,22,150,135.0323944091797,145.83333333333334
MAT0014,Coimbatore Plant,SteelGrip,2025-26,February,22,67,62.43074417114258,61.666666666666664
MAT0014,Delhi Plant,SteelGrip,2025-26,February,22,25,25.25186538696289,24.666666666666668
MAT0014,Pune Plant,SteelGrip,2025-26,February,22,37,36.943172454833984,38.833333333333336
MAT0015,Pune Plant,StdGrade,2025-26,February,22,229,222.11508178710938,222.5
MAT0016,Chennai Plant,StdGrade,2025-26,February,22,135,153.13197326660156,106.5
MAT0016,Delhi Plant,StdGrade,2025-26,February,22,127,141.12979125976562,103.33333333333333
MAT0017,Bengaluru Plant,ReadyPack,2025-26,February,22,208,218.91131591796875,222.0
MAT0018,Bengaluru Plant,ClipFix,2025-26,February,22,473,459.30474853515625,502.0
MAT0018,Coimbatore Plant,ClipFix,2025-26,February,22,524,508.21856689453125,523.1666666666666
MAT0001,Chennai Plant,Nova,2025-26,March,23,136,126.80857849121094,131.83333333333334
MAT0001,Pune Plant,Nova,2025-26,March,23,130,130.39718627929688,132.5
MAT0002,Chennai Plant,Nova,2025-26,March,23,165,160.83328247070312,164.33333333333334
MAT0002,Delhi Plant,Nova,2025-26,March,23,153,154.531494140625,151.5
MAT0003,Coimbatore Plant,Pearl,2025-26,March,23,213,214.19073486328125,213.83333333333334
MAT0004,Chennai Plant,Pearl,2025-26,March,23,73,72.8670883178711,75.0
MAT0004,Delhi Plant,Pearl,2025-26,March,23,81,71.33482360839844,77.0
MAT0004,Pune Plant,Pearl,2025-26,March,23,74,72.3718490600586,75.0
MAT0005,Bengaluru Plant,Sleek,2025-26,March,23,371,421.5868225097656,406.0
MAT0005,Pune Plant,Sleek,2025-26,March,23,399,441.96893310546875,410.1666666666667
MAT0006,Chennai Plant,Sleek,2025-26,March,23,122,103.8619155883789,136.83333333333334
MAT0006,Coimbatore Plant,Sleek,2025-26,March,23,119,95.5589599609375,126.16666666666667
MAT0007,Bengaluru Plant,AeroBreeze,2025-26,March,23,14,12.436315536499023,13.0
MAT0007,Chennai Plant,AeroBreeze,2025-26,March,23,14,12.85568618774414,13.0
MAT0007,Delhi Plant,AeroBreeze,2025-26,March,23,14,12.904988288879395,13.0
MAT0007,Pune Plant,AeroBreeze,2025-26,March,23,13,12.58376693725586,13.333333333333334
MAT0008,Delhi Plant,CoolAir,2025-26,March,23,263,212.01373291015625,304.3333333333333
MAT0009,Bengaluru Plant,Luminex,2025-26,March,23,303,289.55462646484375,358.0
MAT0009,Chennai Plant,Luminex,2025-26,March,23,332,294.44598388671875,353.0
MAT0010,Delhi Plant,BrightMax,2025-26,March,23,154,149.59268188476562,157.66666666666666
MAT0010,Pune Plant,BrightMax,2025-26,March,23,140,147.52078247070312,146.66666666666666
MAT0011,Chennai Plant,FlexiCore,2025-26,March,23,47,44.37185287475586,46.833333333333336
MAT0012,Coimbatore Plant,SafeLine,2025-26,March,23,25,22.011016845703125,23.0
MAT0012,Pune Plant,SafeLine,2025-26,March,23,24,21.611787796020508,23.833333333333332
MAT0013,Bengaluru Plant,DuraFix,2025-26,March,23,126,121.55335235595703,109.66666666666667
MAT0013,Delhi Plant,DuraFix,2025-26,March,23,100,124.92406463623047,125.83333333333333
MAT0014,Bengaluru Plant,SteelGrip,2025-26,March,23,13,13.217081069946289,12.166666666666666
MAT0014,Chennai Plant,SteelGrip,2025-26,March,23,135,136.06349182128906,149.33333333333334
MAT0014,Coimbatore Plant,SteelGrip,2025-26,March,23,59,62.39128112792969,64.83333333333333
MAT0014,Delhi Plant,SteelGrip,2025-26,March,23,27,24.326576232910156,24.5
MAT0014,Pune Plant,SteelGrip,2025-26,March,23,38,34.93316650390625,37.833333333333336
MAT0015,Pune Plant,StdGrade,2025-26,March,23,217,215.1000518798828,225.5
MAT0016,Chennai Plant,StdGrade,2025-26,March,23,117,134.99557495117188,126.33333333333333
MAT0016,Delhi Plant,StdGrade,2025-26,March,23,122,126.11824035644531,121.33333333333333
MAT0017,Bengaluru Plant,ReadyPack,2025-26,March,23,231,216.3827362060547,216.5
MAT0018,Bengaluru Plant,ClipFix,2025-26,March,23,474,459.1852722167969,482.1666666666667
MAT0018,Coimbatore Plant,ClipFix,2025-26,March,23,450,518.5765380859375,523.5
MAT0001,Chennai Plant,Nova,2026-27,April,24,128,138.6464385986328,134.0
MAT0001,Pune Plant,Nova,2026-27,April,24,129,132.1409454345703,130.5
MAT0002,Chennai Plant,Nova,2026-27,April,24,173,175.63478088378906,165.5
MAT0002,Delhi Plant,Nova,2026-27,April,24,170,152.91615295410156,150.33333333333334
MAT0003,Coimbatore Plant,Pearl,2026-27,April,24,160,208.23194885253906,215.16666666666666
MAT0004,Chennai Plant,Pearl,2026-27,April,24,167,137.11746215820312,73.33333333333333
MAT0004,Delhi Plant,Pearl,2026-27,April,24,143,136.67503356933594,77.83333333333333
MAT0004,Pune Plant,Pearl,2026-27,April,24,149,137.45745849609375,73.66666666666667
MAT0005,Bengaluru Plant,Sleek,2026-27,April,24,389,446.6966247558594,391.3333333333333
MAT0005,Pune Plant,Sleek,2026-27,April,24,405,406.8231506347656,403.8333333333333
MAT0006,Chennai Plant,Sleek,2026-27,April,24,121,120.0407485961914,119.66666666666667
MAT0006,Coimbatore Plant,Sleek,2026-27,April,24,123,126.27709197998047,112.33333333333333
MAT0007,Bengaluru Plant,AeroBreeze,2026-27,April,24,26,18.86665916442871,13.666666666666666
MAT0007,Chennai Plant,AeroBreeze,2026-27,April,24,27,19.5732364654541,13.5
MAT0007,Delhi Plant,AeroBreeze,2026-27,April,24,30,18.801000595092773,13.333333333333334
MAT0007,Pune Plant,AeroBreeze,2026-27,April,24,30,18.91493797302246,13.166666666666666
MAT0008,Delhi Plant,CoolAir,2026-27,April,24,395,245.1644287109375,287.3333333333333
MAT0009,Bengaluru Plant,Luminex,2026-27,April,24,341,324.53399658203125,307.1666666666667
MAT0009,Chennai Plant,Luminex,2026-27,April,24,352,325.61907958984375,324.0
MAT0010,Delhi Plant,BrightMax,2026-27,April,24,148,155.35952758789062,156.5
MAT0010,Pune Plant,BrightMax,2026-27,April,24,163,143.4500732421875,144.0
MAT0011,Chennai Plant,FlexiCore,2026-27,April,24,46,48.22883605957031,47.0
MAT0012,Coimbatore Plant,SafeLine,2026-27,April,24,28,24.861690521240234,23.833333333333332
MAT0012,Pune Plant,SafeLine,2026-27,April,24,31,24.09803009033203,23.666666666666668
MAT0013,Bengaluru Plant,DuraFix,2026-27,April,24,109,120.75538635253906,119.5
MAT0013,Delhi Plant,DuraFix,2026-27,April,24,92,125.44710540771484,114.83333333333333
MAT0014,Bengaluru Plant,SteelGrip,2026-27,April,24,13,16.21628189086914,12.5
MAT0014,Chennai Plant,SteelGrip,2026-27,April,24,127,140.8993682861328,142.5
MAT0014,Coimbatore Plant,SteelGrip,2026-27,April,24,69,66.071533203125,63.0
MAT0014,Delhi Plant,SteelGrip,2026-27,April,24,30,27.021841049194336,25.666666666666668
MAT0014,Pune Plant,SteelGrip,2026-27,April,24,38,37.204227447509766,37.666666666666664
MAT0015,Pune Plant,StdGrade,2026-27,April,24,218,212.8404998779297,221.5
MAT0016,Chennai Plant,StdGrade,2026-27,April,24,76,94.75720977783203,126.83333333333333
MAT0016,Delhi Plant,StdGrade,2026-27,April,24,75,96.17218017578125,126.16666666666667
MAT0017,Bengaluru Plant,ReadyPack,2026-27,April,24,175,214.88771057128906,223.0
MAT0018,Bengaluru Plant,ClipFix,2026-27,April,24,539,495.4436340332031,473.0
MAT0018,Coimbatore Plant,ClipFix,2026-27,April,24,514,506.4654846191406,486.0
MAT0001,Chennai Plant,Nova,2026-27,May,25,130,135.29330444335938,132.16666666666666
MAT0001,Pune Plant,Nova,2026-27,May,25,128,138.11288452148438,128.83333333333334
MAT0002,Chennai Plant,Nova,2026-27,May,25,193,187.96286010742188,169.33333333333334
MAT0002,Delhi Plant,Nova,2026-27,May,25,204,173.64390563964844,160.33333333333334
MAT0003,Coimbatore Plant,Pearl,2026-27,May,25,154,201.8435516357422,188.16666666666666
MAT0004,Chennai Plant,Pearl,2026-27,May,25,146,171.46949768066406,120.0
MAT0004,Delhi Plant,Pearl,2026-27,May,25,167,159.79359436035156,110.33333333333333
MAT0004,Pune Plant,Pearl,2026-27,May,25,157,163.13352966308594,111.33333333333333
MAT0005,Bengaluru Plant,Sleek,2026-27,May,25,447,373.02496337890625,386.6666666666667
MAT0005,Pune Plant,Sleek,2026-27,May,25,454,392.8890686035156,403.6666666666667
MAT0006,Chennai Plant,Sleek,2026-27,May,25,126,127.2875747680664,120.16666666666667
MAT0006,Coimbatore Plant,Sleek,2026-27,May,25,130,125.52367401123047,118.83333333333333
MAT0007,Bengaluru Plant,AeroBreeze,2026-27,May,25,26,27.43788719177246,20.0
MAT0007,Chennai Plant,AeroBreeze,2026-27,May,25,29,27.70728874206543,20.333333333333332
MAT0007,Delhi Plant,AeroBreeze,2026-27,May,25,28,33.25188064575195,21.666666666666668
MAT0007,Pune Plant,AeroBreeze,2026-27,May,25,27,33.602569580078125,21.666666666666668
MAT0008,Delhi Plant,CoolAir,2026-27,May,25,453,227.68971252441406,348.6666666666667
MAT0009,Bengaluru Plant,Luminex,2026-27,May,25,299,314.3220520019531,325.5
MAT0009,Chennai Plant,Luminex,2026-27,May,25,299,322.26422119140625,341.6666666666667
MAT0010,Delhi Plant,BrightMax,2026-27,May,25,178,158.1009979248047,151.83333333333334
MAT0010,Pune Plant,BrightMax,2026-27,May,25,169,155.13323974609375,152.5
MAT0011,Chennai Plant,FlexiCore,2026-27,May,25,49,46.97450256347656,46.666666666666664
MAT0012,Coimbatore Plant,SafeLine,2026-27,May,25,28,26.70149803161621,26.0
MAT0012,Pune Plant,SafeLine,2026-27,May,25,30,37.409095764160156,27.166666666666668
MAT0013,Bengaluru Plant,DuraFix,2026-27,May,25,108,127.2034683227539,115.16666666666667
MAT0013,Delhi Plant,DuraFix,2026-27,May,25,118,112.14098358154297,101.16666666666667
MAT0014,Bengaluru Plant,SteelGrip,2026-27,May,25,13,17.374357223510742,12.666666666666666
MAT0014,Chennai Plant,SteelGrip,2026-27,May,25,149,138.90826416015625,133.5
MAT0014,Coimbatore Plant,SteelGrip,2026-27,May,25,60,69.52422332763672,65.33333333333333
MAT0014,Delhi Plant,SteelGrip,2026-27,May,25,25,35.16673278808594,28.166666666666668
MAT0014,Pune Plant,SteelGrip,2026-27,May,25,39,38.43460464477539,37.833333333333336
MAT0015,Pune Plant,StdGrade,2026-27,May,25,241,223.37181091308594,219.5
MAT0016,Chennai Plant,StdGrade,2026-27,May,25,76,75.69078826904297,99.5
MAT0016,Delhi Plant,StdGrade,2026-27,May,25,64,76.16185760498047,99.33333333333333
MAT0017,Bengaluru Plant,ReadyPack,2026-27,May,25,161,209.2754669189453,199.16666666666666
MAT0018,Bengaluru Plant,ClipFix,2026-27,May,25,549,520.9412841796875,506.3333333333333
MAT0018,Coimbatore Plant,ClipFix,2026-27,May,25,536,533.4607543945312,494.3333333333333
MAT0001,Chennai Plant,Nova,2026-27,June,26,137,130.72427368164062,130.33333333333334
MAT0001,Pune Plant,Nova,2026-27,June,26,134,133.0037841796875,128.66666666666666
MAT0002,Chennai Plant,Nova,2026-27,June,26,199,201.35581970214844,181.66666666666666
MAT0002,Delhi Plant,Nova,2026-27,June,26,202,199.70758056640625,184.16666666666666
MAT0003,Coimbatore Plant,Pearl,2026-27,June,26,183,212.53985595703125,165.83333333333334
MAT0004,Chennai Plant,Pearl,2026-27,June,26,155,162.34999084472656,140.83333333333334
MAT0004,Delhi Plant,Pearl,2026-27,June,26,162,162.29183959960938,144.66666666666666
MAT0004,Pune Plant,Pearl,2026-27,June,26,160,162.26112365722656,140.5
MAT0005,Bengaluru Plant,Sleek,2026-27,June,26,406,420.88397216796875,415.0
MAT0005,Pune Plant,Sleek,2026-27,June,26,428,411.8676452636719,428.5
MAT0006,Chennai Plant,Sleek,2026-27,June,26,112,123.05339050292969,123.66666666666667
MAT0006,Coimbatore Plant,Sleek,2026-27,June,26,112,123.10208129882812,125.83333333333333
MAT0007,Bengaluru Plant,AeroBreeze,2026-27,June,26,30,24.383350372314453,24.0
MAT0007,Chennai Plant,AeroBreeze,2026-27,June,26,25,25.437950134277344,25.833333333333332
MAT0007,Delhi Plant,AeroBreeze,2026-27,June,26,26,24.41176986694336,26.333333333333332
MAT0007,Pune Plant,AeroBreeze,2026-27,June,26,28,25.426055908203125,25.666666666666668
MAT0008,Delhi Plant,CoolAir,2026-27,June,26,173,305.4383544921875,402.0
MAT0009,Bengaluru Plant,Luminex,2026-27,June,26,326,325.74285888671875,313.6666666666667
MAT0009,Chennai Plant,Luminex,2026-27,June,26,318,326.9146728515625,322.1666666666667
MAT0010,Delhi Plant,BrightMax,2026-27,June,26,154,171.8228302001953,164.0
MAT0010,Pune Plant,BrightMax,2026-27,June,26,153,191.84983825683594,162.16666666666666
MAT0011,Chennai Plant,FlexiCore,2026-27,June,26,50,47.3883056640625,47.666666666666664
MAT0012,Coimbatore Plant,SafeLine,2026-27,June,26,26,25.266590118408203,27.5
MAT0012,Pune Plant,SafeLine,2026-27,June,26,29,26.84300994873047,29.333333333333332
MAT0013,Bengaluru Plant,DuraFix,2026-27,June,26,122,107.12535095214844,111.33333333333333
MAT0013,Delhi Plant,DuraFix,2026-27,June,26,94,113.20716857910156,106.33333333333333
MAT0014,Bengaluru Plant,SteelGrip,2026-27,June,26,12,13.910789489746094,13.0
MAT0014,Chennai Plant,SteelGrip,2026-27,June,26,132,153.9358367919922,139.33333333333334
MAT0014,Coimbatore Plant,SteelGrip,2026-27,June,26,74,61.83596420288086,62.833333333333336
MAT0014,Delhi Plant,SteelGrip,2026-27,June,26,22,23.079675674438477,27.0
MAT0014,Pune Plant,SteelGrip,2026-27,June,26,37,39.2454948425293,38.5
MAT0015,Pune Plant,StdGrade,2026-27,June,26,225,225.29200744628906,229.33333333333334
MAT0016,Chennai Plant,StdGrade,2026-27,June,26,66,69.05580139160156,82.83333333333333
MAT0016,Delhi Plant,StdGrade,2026-27,June,26,65,65.97080993652344,77.33333333333333
MAT0017,Bengaluru Plant,ReadyPack,2026-27,June,26,175,203.2731170654297,177.33333333333334
MAT0018,Bengaluru Plant,ClipFix,2026-27,June,26,524,524.3463134765625,533.1666666666666
MAT0018,Coimbatore Plant,ClipFix,2026-27,June,26,552,520.9602661132812,514.3333333333334
MAT0001,Chennai Plant,Nova,2026-27,July,27,146,131.35479736328125,133.16666666666666
MAT0001,Pune Plant,Nova,2026-27,July,27,143,136.4131622314453,131.16666666666666
MAT0002,Chennai Plant,Nova,2026-27,July,27,170,188.96005249023438,192.66666666666666
MAT0002,Delhi Plant,Nova,2026-27,July,27,181,195.90269470214844,197.33333333333334
MAT0003,Coimbatore Plant,Pearl,2026-27,July,27,164,196.7080535888672,169.5
MAT0004,Chennai Plant,Pearl,2026-27,July,27,76,78.56881713867188,154.0
MAT0004,Delhi Plant,Pearl,2026-27,July,27,78,69.34920501708984,160.5
MAT0004,Pune Plant,Pearl,2026-27,July,27,84,81.01580047607422,157.16666666666666
MAT0005,Bengaluru Plant,Sleek,2026-27,July,27,832,746.1473999023438,416.8333333333333
MAT0005,Pune Plant,Sleek,2026-27,July,27,821,728.3775024414062,432.8333333333333
MAT0006,Chennai Plant,Sleek,2026-27,July,27,132,117.5640640258789,118.16666666666667
MAT0006,Coimbatore Plant,Sleek,2026-27,July,27,128,117.9397964477539,119.83333333333333
MAT0007,Bengaluru Plant,AeroBreeze,2026-27,July,27,14,11.619803428649902,28.0
MAT0007,Chennai Plant,AeroBreeze,2026-27,July,27,15,12.244940757751465,26.666666666666668
MAT0007,Delhi Plant,AeroBreeze,2026-27,July,27,13,12.447718620300293,27.333333333333332
MAT0007,Pune Plant,AeroBreeze,2026-27,July,27,15,15.485661506652832,28.0
MAT0008,Delhi Plant,CoolAir,2026-27,July,27,390,285.0237121582031,303.3333333333333
MAT0009,Bengaluru Plant,Luminex,2026-27,July,27,303,318.09075927734375,319.5
MAT0009,Chennai Plant,Luminex,2026-27,July,27,359,326.6006774902344,317.3333333333333
MAT0010,Delhi Plant,BrightMax,2026-27,July,27,154,142.5968780517578,161.0
MAT0010,Pune Plant,BrightMax,2026-27,July,27,166,151.7215576171875,160.0
MAT0011,Chennai Plant,FlexiCore,2026-27,July,27,50,53.40550231933594,49.0
MAT0012,Coimbatore Plant,SafeLine,2026-27,July,27,29,23.909318923950195,27.0
MAT0012,Pune Plant,SafeLine,2026-27,July,27,30,26.555585861206055,29.666666666666668
MAT0013,Bengaluru Plant,DuraFix,2026-27,July,27,133,120.89010620117188,115.16666666666667
MAT0013,Delhi Plant,DuraFix,2026-27,July,27,136,101.78329467773438,101.66666666666667
MAT0014,Bengaluru Plant,SteelGrip,2026-27,July,27,12,11.777097702026367,12.5
MAT0014,Chennai Plant,SteelGrip,2026-27,July,27,145,135.76126098632812,136.83333333333334
MAT0014,Coimbatore Plant,SteelGrip,2026-27,July,27,68,63.65185546875,68.5
MAT0014,Delhi Plant,SteelGrip,2026-27,July,27,23,21.345735549926758,24.333333333333332
MAT0014,Pune Plant,SteelGrip,2026-27,July,27,44,36.73196029663086,37.833333333333336
MAT0015,Pune Plant,StdGrade,2026-27,July,27,226,211.4739532470703,229.16666666666666
MAT0016,Chennai Plant,StdGrade,2026-27,July,27,73,65.20185089111328,71.0
MAT0016,Delhi Plant,StdGrade,2026-27,July,27,64,66.18826293945312,66.33333333333333
MAT0017,Bengaluru Plant,ReadyPack,2026-27,July,27,155,198.96929931640625,170.33333333333334
MAT0018,Bengaluru Plant,ClipFix,2026-27,July,27,574,487.25848388671875,534.8333333333334
MAT0018,Coimbatore Plant,ClipFix,2026-27,July,27,520,531.2931518554688,540.3333333333334
MAT0001,Chennai Plant,Nova,2026-27,August,28,134,137.05825805664062,140.33333333333334
MAT0001,Pune Plant,Nova,2026-27,August,28,143,140.90902709960938,137.5
MAT0002,Chennai Plant,Nova,2026-27,August,28,193,173.50877380371094,183.5
MAT0002,Delhi Plant,Nova,2026-27,August,28,194,177.0992889404297,191.83333333333334
MAT0003,Coimbatore Plant,Pearl,2026-27,August,28,181,183.3469696044922,168.66666666666666
MAT0004,Chennai Plant,Pearl,2026-27,August,28,74,76.70440673828125,114.0
MAT0004,Delhi Plant,Pearl,2026-27,August,28,84,81.59834289550781,120.83333333333333
MAT0004,Pune Plant,Pearl,2026-27,August,28,76,81.04673767089844,121.5
MAT0005,Bengaluru Plant,Sleek,2026-27,August,28,812,794.8037719726562,625.8333333333334
MAT0005,Pune Plant,Sleek,2026-27,August,28,768,780.4164428710938,628.8333333333334
MAT0006,Chennai Plant,Sleek,2026-27,August,28,127,123.21092987060547,124.33333333333333
MAT0006,Coimbatore Plant,Sleek,2026-27,August,28,125,120.6888656616211,123.0
MAT0007,Bengaluru Plant,AeroBreeze,2026-27,August,28,13,14.68698501586914,21.333333333333332
MAT0007,Chennai Plant,AeroBreeze,2026-27,August,28,14,15.253546714782715,20.666666666666668
MAT0007,Delhi Plant,AeroBreeze,2026-27,August,28,15,12.718364715576172,19.833333333333332
MAT0007,Pune Plant,AeroBreeze,2026-27,August,28,13,13.465124130249023,21.333333333333332
MAT0008,Delhi Plant,CoolAir,2026-27,August,28,122,270.5218505859375,328.1666666666667
MAT0009,Bengaluru Plant,Luminex,2026-27,August,28,314,322.8179016113281,310.0
MAT0009,Chennai Plant,Luminex,2026-27,August,28,326,324.3574523925781,335.3333333333333
MAT0010,Delhi Plant,BrightMax,2026-27,August,28,149,165.9500732421875,158.0
MAT0010,Pune Plant,BrightMax,2026-27,August,28,171,171.9320831298828,162.16666666666666
MAT0011,Chennai Plant,FlexiCore,2026-27,August,28,48,53.766021728515625,49.833333333333336
MAT0012,Coimbatore Plant,SafeLine,2026-27,August,28,27,25.290904998779297,27.833333333333332
MAT0012,Pune Plant,SafeLine,2026-27,August,28,29,25.390785217285156,29.666666666666668
MAT0013,Bengaluru Plant,DuraFix,2026-27,August,28,108,133.3041534423828,125.16666666666667
MAT0013,Delhi Plant,DuraFix,2026-27,August,28,109,117.86598205566406,119.0
MAT0014,Bengaluru Plant,SteelGrip,2026-27,August,28,14,15.236414909362793,12.166666666666666
MAT0014,Chennai Plant,SteelGrip,2026-27,August,28,150,135.45079040527344,141.33333333333334
MAT0014,Coimbatore Plant,SteelGrip,2026-27,August,28,67,64.05497741699219,68.66666666666667
MAT0014,Delhi Plant,SteelGrip,2026-27,August,28,25,24.935529708862305,23.0
MAT0014,Pune Plant,SteelGrip,2026-27,August,28,43,45.21561050415039,40.833333333333336
MAT0015,Pune Plant,StdGrade,2026-27,August,28,242,219.56031799316406,228.16666666666666
MAT0016,Chennai Plant,StdGrade,2026-27,August,28,72,67.79265594482422,71.16666666666667
MAT0016,Delhi Plant,StdGrade,2026-27,August,28,70,63.1404914855957,64.33333333333333
MAT0017,Bengaluru Plant,ReadyPack,2026-27,August,28,168,187.37237548828125,162.66666666666666
MAT0018,Bengaluru Plant,ClipFix,2026-27,August,28,544,536.1986694335938,553.1666666666666
MAT0018,Coimbatore Plant,ClipFix,2026-27,August,28,505,513.7806396484375,533.3333333333334
MAT0001,Chennai Plant,Nova,2026-27,September,29,138,140.45884704589844,138.5
MAT0001,Pune Plant,Nova,2026-27,September,29,131,144.63035583496094,141.5
MAT0002,Chennai Plant,Nova,2026-27,September,29,174,192.44679260253906,186.33333333333334
MAT0002,Delhi Plant,Nova,2026-27,September,29,187,191.86778259277344,191.0
MAT0003,Coimbatore Plant,Pearl,2026-27,September,29,151,200.36741638183594,175.66666666666666
MAT0004,Chennai Plant,Pearl,2026-27,September,29,75,78.39328002929688,88.16666666666667
MAT0004,Delhi Plant,Pearl,2026-27,September,29,83,80.42503356933594,95.0
MAT0004,Pune Plant,Pearl,2026-27,September,29,85,78.12159729003906,92.66666666666667
MAT0005,Bengaluru Plant,Sleek,2026-27,September,29,809,833.446533203125,751.0
MAT0005,Pune Plant,Sleek,2026-27,September,29,868,781.0736694335938,729.0
MAT0006,Chennai Plant,Sleek,2026-27,September,29,126,128.97799682617188,126.16666666666667
MAT0006,Coimbatore Plant,Sleek,2026-27,September,29,118,124.85730743408203,123.83333333333333
MAT0007,Bengaluru Plant,AeroBreeze,2026-27,September,29,13,13.401994705200195,16.166666666666668
MAT0007,Chennai Plant,AeroBreeze,2026-27,September,29,13,14.625282287597656,16.166666666666668
MAT0007,Delhi Plant,AeroBreeze,2026-27,September,29,14,14.423934936523438,16.166666666666668
MAT0007,Pune Plant,AeroBreeze,2026-27,September,29,15,12.286786079406738,16.166666666666668
MAT0008,Delhi Plant,CoolAir,2026-27,September,29,163,409.6109619140625,219.83333333333334
MAT0009,Bengaluru Plant,Luminex,2026-27,September,29,344,310.1028747558594,312.3333333333333
MAT0009,Chennai Plant,Luminex,2026-27,September,29,342,314.17047119140625,335.6666666666667
MAT0010,Delhi Plant,BrightMax,2026-27,September,29,172,154.14151000976562,151.5
MAT0010,Pune Plant,BrightMax,2026-27,September,29,173,175.3232421875,166.33333333333334
MAT0011,Chennai Plant,FlexiCore,2026-27,September,29,46,49.95627975463867,49.0
MAT0012,Coimbatore Plant,SafeLine,2026-27,September,29,29,25.607486724853516,27.5
MAT0012,Pune Plant,SafeLine,2026-27,September,29,31,28.263378143310547,29.333333333333332
MAT0013,Bengaluru Plant,DuraFix,2026-27,September,29,129,121.21694946289062,118.66666666666667
MAT0013,Delhi Plant,DuraFix,2026-27,September,29,113,117.26963806152344,115.5
MAT0014,Bengaluru Plant,SteelGrip,2026-27,September,29,12,15.934335708618164,13.0
MAT0014,Chennai Plant,SteelGrip,2026-27,September,29,158,139.91714477539062,145.33333333333334
MAT0014,Coimbatore Plant,SteelGrip,2026-27,September,29,73,61.8707275390625,68.5
MAT0014,Delhi Plant,SteelGrip,2026-27,September,29,29,25.094039916992188,23.833333333333332
MAT0014,Pune Plant,SteelGrip,2026-27,September,29,41,46.262977600097656,42.333333333333336
MAT0015,Pune Plant,StdGrade,2026-27,September,29,242,232.6786651611328,233.83333333333334
MAT0016,Chennai Plant,StdGrade,2026-27,September,29,67,72.64976501464844,71.33333333333333
MAT0016,Delhi Plant,StdGrade,2026-27,September,29,67,72.1349868774414,67.16666666666667
MAT0017,Bengaluru Plant,ReadyPack,2026-27,September,29,157,185.5978240966797,164.83333333333334
MAT0018,Bengaluru Plant,ClipFix,2026-27,September,29,497,561.4799194335938,550.6666666666666
MAT0018,Coimbatore Plant,ClipFix,2026-27,September,29,500,496.4406433105469,517.8333333333334
MAT0001,Chennai Plant,Nova,2026-27,October,30,138,144.9173583984375,138.0
MAT0001,Pune Plant,Nova,2026-27,October,30,126,140.845947265625,137.0
MAT0002,Chennai Plant,Nova,2026-27,October,30,179,185.2726287841797,179.66666666666666
MAT0002,Delhi Plant,Nova,2026-27,October,30,171,189.38743591308594,188.33333333333334
MAT0003,Coimbatore Plant,Pearl,2026-27,October,30,151,170.1517791748047,163.16666666666666
MAT0004,Chennai Plant,Pearl,2026-27,October,30,87,83.33468627929688,74.83333333333333
MAT0004,Delhi Plant,Pearl,2026-27,October,30,82,79.25389099121094,82.5
MAT0004,Pune Plant,Pearl,2026-27,October,30,78,82.04006958007812,81.83333333333333
MAT0005,Bengaluru Plant,Sleek,2026-27,October,30,383,398.05615234375,813.8333333333334
MAT0005,Pune Plant,Sleek,2026-27,October,30,447,380.4110107421875,826.8333333333334
MAT0006,Chennai Plant,Sleek,2026-27,October,30,253,194.0285186767578,127.33333333333333
MAT0006,Coimbatore Plant,Sleek,2026-27,October,30,219,197.2198944091797,122.0
MAT0007,Bengaluru Plant,AeroBreeze,2026-27,October,30,15,14.986149787902832,13.166666666666666
MAT0007,Chennai Plant,AeroBreeze,2026-27,October,30,13,14.895528793334961,13.666666666666666
MAT0007,Delhi Plant,AeroBreeze,2026-27,October,30,14,15.381086349487305,14.166666666666666
MAT0007,Pune Plant,AeroBreeze,2026-27,October,30,15,15.297933578491211,14.333333333333334
MAT0008,Delhi Plant,CoolAir,2026-27,October,30,227,491.3614807128906,187.16666666666666
MAT0009,Bengaluru Plant,Luminex,2026-27,October,30,645,668.3812255859375,327.1666666666667
MAT0009,Chennai Plant,Luminex,2026-27,October,30,680,649.022705078125,339.5
MAT0010,Delhi Plant,BrightMax,2026-27,October,30,152,175.6481475830078,161.33333333333334
MAT0010,Pune Plant,BrightMax,2026-27,October,30,164,168.91741943359375,171.16666666666666
MAT0011,Chennai Plant,FlexiCore,2026-27,October,30,43,48.11376953125,47.333333333333336
MAT0012,Coimbatore Plant,SafeLine,2026-27,October,30,30,28.333900451660156,28.333333333333332
MAT0012,Pune Plant,SafeLine,2026-27,October,30,31,35.64460754394531,30.166666666666668
MAT0013,Bengaluru Plant,DuraFix,2026-27,October,30,120,121.03962707519531,122.66666666666667
MAT0013,Delhi Plant,DuraFix,2026-27,October,30,93,118.90335845947266,115.5
MAT0014,Bengaluru Plant,SteelGrip,2026-27,October,30,14,15.096153259277344,12.666666666666666
MAT0014,Chennai Plant,SteelGrip,2026-27,October,30,145,156.4716796875,153.16666666666666
MAT0014,Coimbatore Plant,SteelGrip,2026-27,October,30,65,66.29023742675781,70.16666666666667
MAT0014,Delhi Plant,SteelGrip,2026-27,October,30,29,28.767528533935547,26.666666666666668
MAT0014,Pune Plant,SteelGrip,2026-27,October,30,35,39.48677062988281,42.166666666666664
MAT0015,Pune Plant,StdGrade,2026-27,October,30,228,244.89109802246094,239.33333333333334
MAT0016,Chennai Plant,StdGrade,2026-27,October,30,69,74.55186462402344,69.66666666666667
MAT0016,Delhi Plant,StdGrade,2026-27,October,30,68,72.70118713378906,67.5
MAT0017,Bengaluru Plant,ReadyPack,2026-27,October,30,149,175.9301300048828,160.33333333333334
MAT0018,Bengaluru Plant,ClipFix,2026-27,October,30,557,500.2509460449219,525.5
MAT0018,Coimbatore Plant,ClipFix,2026-27,October,30,532,514.4393310546875,505.0
MAT0001,Chennai Plant,Nova,2026-27,November,31,141,138.91635131835938,137.33333333333334
MAT0001,Pune Plant,Nova,2026-27,November,31,141,131.1376495361328,130.5
MAT0002,Chennai Plant,Nova,2026-27,November,31,185,175.61129760742188,179.66666666666666
MAT0002,Delhi Plant,Nova,2026-27,November,31,179,180.27696228027344,180.16666666666666
MAT0003,Coimbatore Plant,Pearl,2026-27,November,31,182,174.928466796875,156.0
MAT0004,Chennai Plant,Pearl,2026-27,November,31,88,78.22842407226562,80.83333333333333
MAT0004,Delhi Plant,Pearl,2026-27,November,31,88,77.54364776611328,82.66666666666667
MAT0004,Pune Plant,Pearl,2026-27,November,31,74,80.73741912841797,80.0
MAT0005,Bengaluru Plant,Sleek,2026-27,November,31,453,381.12664794921875,596.5
MAT0005,Pune Plant,Sleek,2026-27,November,31,384,410.5896301269531,640.8333333333334
MAT0006,Chennai Plant,Sleek,2026-27,November,31,227,224.68495178222656,189.66666666666666
MAT0006,Coimbatore Plant,Sleek,2026-27,November,31,235,220.9884796142578,169.66666666666666
MAT0007,Bengaluru Plant,AeroBreeze,2026-27,November,31,14,12.974701881408691,14.0
MAT0007,Chennai Plant,AeroBreeze,2026-27,November,31,15,12.090092658996582,13.166666666666666
MAT0007,Delhi Plant,AeroBreeze,2026-27,November,31,15,13.319628715515137,14.166666666666666
MAT0007,Pune Plant,AeroBreeze,2026-27,November,31,13,13.319628715515137,14.666666666666666
MAT0008,Delhi Plant,CoolAir,2026-27,November,31,147,460.5144348144531,188.16666666666666
MAT0009,Bengaluru Plant,Luminex,2026-27,November,31,615,678.4476318359375,489.5
MAT0009,Chennai Plant,Luminex,2026-27,November,31,697,670.7924194335938,508.3333333333333
MAT0010,Delhi Plant,BrightMax,2026-27,November,31,152,161.7808074951172,158.16666666666666
MAT0010,Pune Plant,BrightMax,2026-27,November,31,172,160.36361694335938,168.16666666666666
MAT0011,Chennai Plant,FlexiCore,2026-27,November,31,50,44.627227783203125,44.833333333333336
MAT0012,Coimbatore Plant,SafeLine,2026-27,November,31,29,26.42889976501465,29.166666666666668
MAT0012,Pune Plant,SafeLine,2026-27,November,31,28,32.889366149902344,30.666666666666668
MAT0013,Bengaluru Plant,DuraFix,2026-27,November,31,101,110.2622299194336,121.0
MAT0013,Delhi Plant,DuraFix,2026-27,November,31,116,109.11507415771484,102.33333333333333
MAT0014,Bengaluru Plant,SteelGrip,2026-27,November,31,15,15.338555335998535,13.333333333333334
MAT0014,Chennai Plant,SteelGrip,2026-27,November,31,144,148.06263732910156,150.16666666666666
MAT0014,Coimbatore Plant,SteelGrip,2026-27,November,31,62,61.008460998535156,68.0
MAT0014,Delhi Plant,SteelGrip,2026-27,November,31,29,27.93802261352539,28.333333333333332
MAT0014,Pune Plant,SteelGrip,2026-27,November,31,38,36.118343353271484,38.333333333333336
MAT0015,Pune Plant,StdGrade,2026-27,November,31,232,230.3113250732422,235.0
MAT0016,Chennai Plant,StdGrade,2026-27,November,31,68,70.94168090820312,68.83333333333333
MAT0016,Delhi Plant,StdGrade,2026-27,November,31,67,72.24381256103516,68.0
MAT0017,Bengaluru Plant,ReadyPack,2026-27,November,31,175,168.9041290283203,154.83333333333334
MAT0018,Bengaluru Plant,ClipFix,2026-27,November,31,485,549.61767578125,534.8333333333334
MAT0018,Coimbatore Plant,ClipFix,2026-27,November,31,580,560.5798950195312,516.8333333333334
MAT0001,Chennai Plant,Nova,2026-27,December,32,133,142.63934326171875,139.5
MAT0001,Pune Plant,Nova,2026-27,December,32,130,139.5338592529297,134.33333333333334
MAT0002,Chennai Plant,Nova,2026-27,December,32,196,179.3422393798828,181.16666666666666
MAT0002,Delhi Plant,Nova,2026-27,December,32,204,179.2372589111328,177.66666666666666
MAT0003,Coimbatore Plant,Pearl,2026-27,December,32,159,188.95416259765625,166.5
MAT0004,Chennai Plant,Pearl,2026-27,December,32,86,84.48570251464844,85.5
MAT0004,Delhi Plant,Pearl,2026-27,December,32,78,85.18428802490234,85.16666666666667
MAT0004,Pune Plant,Pearl,2026-27,December,32,80,77.9608154296875,77.16666666666667
MAT0005,Bengaluru Plant,Sleek,2026-27,December,32,461,403.8494873046875,489.0
MAT0005,Pune Plant,Sleek,2026-27,December,32,445,431.9194030761719,485.6666666666667
MAT0006,Chennai Plant,Sleek,2026-27,December,32,224,231.0180206298828,218.83333333333334
MAT0006,Coimbatore Plant,Sleek,2026-27,December,32,233,242.5625762939453,210.16666666666666
MAT0007,Bengaluru Plant,AeroBreeze,2026-27,December,32,15,13.354782104492188,14.166666666666666
MAT0007,Chennai Plant,AeroBreeze,2026-27,December,32,15,13.872876167297363,14.0
MAT0007,Delhi Plant,AeroBreeze,2026-27,December,32,14,13.55722713470459,14.5
MAT0007,Pune Plant,AeroBreeze,2026-27,December,32,14,13.397551536560059,14.0
MAT0008,Delhi Plant,CoolAir,2026-27,December,32,233,265.7230529785156,176.33333333333334
MAT0009,Bengaluru Plant,Luminex,2026-27,December,32,572,590.9146118164062,579.8333333333334
MAT0009,Chennai Plant,Luminex,2026-27,December,32,665,608.0538330078125,632.1666666666666
MAT0010,Delhi Plant,BrightMax,2026-27,December,32,154,158.16212463378906,155.33333333333334
MAT0010,Pune Plant,BrightMax,2026-27,December,32,153,165.47816467285156,169.5
MAT0011,Chennai Plant,FlexiCore,2026-27,December,32,44,51.33366394042969,47.0
MAT0012,Coimbatore Plant,SafeLine,2026-27,December,32,28,27.247291564941406,29.333333333333332
MAT0012,Pune Plant,SafeLine,2026-27,December,32,28,25.831058502197266,29.5
MAT0013,Bengaluru Plant,DuraFix,2026-27,December,32,135,98.44593811035156,112.0
MAT0013,Delhi Plant,DuraFix,2026-27,December,32,102,114.34565734863281,107.83333333333333
MAT0014,Bengaluru Plant,SteelGrip,2026-27,December,32,14,14.7718505859375,14.166666666666666
MAT0014,Chennai Plant,SteelGrip,2026-27,December,32,151,151.4593048095703,146.66666666666666
MAT0014,Coimbatore Plant,SteelGrip,2026-27,December,32,60,63.31196594238281,64.83333333333333
MAT0014,Delhi Plant,SteelGrip,2026-27,December,32,23,25.82831573486328,29.0
MAT0014,Pune Plant,SteelGrip,2026-27,December,32,41,37.93865966796875,37.5
MAT0015,Pune Plant,StdGrade,2026-27,December,32,224,222.94595336914062,232.33333333333334
MAT0016,Chennai Plant,StdGrade,2026-27,December,32,67,71.04103088378906,68.16666666666667
MAT0016,Delhi Plant,StdGrade,2026-27,December,32,69,68.75494384765625,67.33333333333333
MAT0017,Bengaluru Plant,ReadyPack,2026-27,December,32,164,177.28298950195312,163.33333333333334
MAT0018,Bengaluru Plant,ClipFix,2026-27,December,32,518,549.9881591796875,511.0
MAT0018,Coimbatore Plant,ClipFix,2026-27,December,32,507,521.5720825195312,550.6666666666666
MAT0001,Chennai Plant,Nova,2026-27,January,33,132,131.51373291015625,136.5
MAT0001,Pune Plant,Nova,2026-27,January,33,135,140.18861389160156,133.0
MAT0002,Chennai Plant,Nova,2026-27,January,33,169,191.84335327148438,189.5
MAT0002,Delhi Plant,Nova,2026-27,January,33,202,193.6682586669922,190.16666666666666
MAT0003,Coimbatore Plant,Pearl,2026-27,January,33,182,167.56851196289062,165.33333333333334
MAT0004,Chennai Plant,Pearl,2026-27,January,33,78,85.03759765625,86.83333333333333
MAT0004,Delhi Plant,Pearl,2026-27,January,33,78,83.69197082519531,82.0
MAT0004,Pune Plant,Pearl,2026-27,January,33,86,85.87660217285156,77.66666666666667
MAT0005,Bengaluru Plant,Sleek,2026-27,January,33,454,413.0303039550781,445.3333333333333
MAT0005,Pune Plant,Sleek,2026-27,January,33,462,405.9762878417969,425.0
MAT0006,Chennai Plant,Sleek,2026-27,January,33,112,156.67620849609375,229.83333333333334
MAT0006,Coimbatore Plant,Sleek,2026-27,January,33,124,162.36740112304688,231.33333333333334
MAT0007,Bengaluru Plant,AeroBreeze,2026-27,January,33,14,15.756997108459473,14.666666666666666
MAT0007,Chennai Plant,AeroBreeze,2026-27,January,33,15,16.473997116088867,14.666666666666666
MAT0007,Delhi Plant,AeroBreeze,2026-27,January,33,13,16.365182876586914,14.333333333333334
MAT0007,Pune Plant,AeroBreeze,2026-27,January,33,14,16.686452865600586,13.833333333333334
MAT0008,Delhi Plant,CoolAir,2026-27,January,33,260,271.32110595703125,203.33333333333334
MAT0009,Bengaluru Plant,Luminex,2026-27,January,33,327,307.0013732910156,598.5
MAT0009,Chennai Plant,Luminex,2026-27,January,33,337,293.7755432128906,678.1666666666666
MAT0010,Delhi Plant,BrightMax,2026-27,January,33,148,158.7081756591797,153.0
MAT0010,Pune Plant,BrightMax,2026-27,January,33,152,157.40280151367188,161.16666666666666
MAT0011,Chennai Plant,FlexiCore,2026-27,January,33,44,47.31727981567383,45.833333333333336
MAT0012,Coimbatore Plant,SafeLine,2026-27,January,33,31,26.40873908996582,28.666666666666668
MAT0012,Pune Plant,SafeLine,2026-27,January,33,31,27.659103393554688,28.5
MAT0013,Bengaluru Plant,DuraFix,2026-27,January,33,111,124.47354125976562,121.16666666666667
MAT0013,Delhi Plant,DuraFix,2026-27,January,33,130,119.86811828613281,105.16666666666667
MAT0014,Bengaluru Plant,SteelGrip,2026-27,January,33,12,16.076671600341797,14.333333333333334
MAT0014,Chennai Plant,SteelGrip,2026-27,January,33,155,154.52676391601562,147.66666666666666
MAT0014,Coimbatore Plant,SteelGrip,2026-27,January,33,56,65.25758361816406,61.5
MAT0014,Delhi Plant,SteelGrip,2026-27,January,33,27,25.476722717285156,26.0
MAT0014,Pune Plant,SteelGrip,2026-27,January,33,42,39.52241897583008,39.0
MAT0015,Pune Plant,StdGrade,2026-27,January,33,233,221.36192321777344,227.33333333333334
MAT0016,Chennai Plant,StdGrade,2026-27,January,33,130,127.77759552001953,67.66666666666667
MAT0016,Delhi Plant,StdGrade,2026-27,January,33,143,126.65026092529297,68.16666666666667
MAT0017,Bengaluru Plant,ReadyPack,2026-27,January,33,151,178.1516876220703,165.16666666666666
MAT0018,Bengaluru Plant,ClipFix,2026-27,January,33,555,511.4107666015625,513.5
MAT0018,Coimbatore Plant,ClipFix,2026-27,January,33,505,527.374755859375,535.5
MAT0001,Chennai Plant,Nova,2026-27,February,34,143,135.7515411376953,133.83333333333334
MAT0001,Pune Plant,Nova,2026-27,February,34,135,132.17791748046875,134.33333333333334
MAT0002,Chennai Plant,Nova,2026-27,February,34,181,174.9342041015625,180.66666666666666
MAT0002,Delhi Plant,Nova,2026-27,February,34,191,189.74232482910156,198.83333333333334
MAT0003,Coimbatore Plant,Pearl,2026-27,February,34,156,195.58482360839844,174.33333333333334
MAT0004,Chennai Plant,Pearl,2026-27,February,34,79,77.1866683959961,82.33333333333333
MAT0004,Delhi Plant,Pearl,2026-27,February,34,83,76.95037841796875,79.66666666666667
MAT0004,Pune Plant,Pearl,2026-27,February,34,75,77.24034881591797,82.0
MAT0005,Bengaluru Plant,Sleek,2026-27,February,34,388,440.8422546386719,456.1666666666667
MAT0005,Pune Plant,Sleek,2026-27,February,34,382,444.24090576171875,443.3333333333333
MAT0006,Chennai Plant,Sleek,2026-27,February,34,123,115.61616516113281,168.5
MAT0006,Coimbatore Plant,Sleek,2026-27,February,34,133,141.24563598632812,178.83333333333334
MAT0007,Bengaluru Plant,AeroBreeze,2026-27,February,34,15,14.377911567687988,14.333333333333334
MAT0007,Chennai Plant,AeroBreeze,2026-27,February,34,15,14.570402145385742,15.0
MAT0007,Delhi Plant,AeroBreeze,2026-27,February,34,13,14.476860046386719,13.666666666666666
MAT0007,Pune Plant,AeroBreeze,2026-27,February,34,14,14.459563255310059,13.833333333333334
MAT0008,Delhi Plant,CoolAir,2026-27,February,34,509,253.2506561279297,232.16666666666666
MAT0009,Bengaluru Plant,Luminex,2026-27,February,34,344,320.743408203125,456.6666666666667
MAT0009,Chennai Plant,Luminex,2026-27,February,34,316,321.99029541015625,506.3333333333333
MAT0010,Delhi Plant,BrightMax,2026-27,February,34,160,160.39617919921875,150.66666666666666
MAT0010,Pune Plant,BrightMax,2026-27,February,34,158,154.3142547607422,155.66666666666666
MAT0011,Chennai Plant,FlexiCore,2026-27,February,34,46,46.009273529052734,45.0
MAT0012,Coimbatore Plant,SafeLine,2026-27,February,34,30,33.32451629638672,29.666666666666668
MAT0012,Pune Plant,SafeLine,2026-27,February,34,26,32.755638122558594,29.5
MAT0013,Bengaluru Plant,DuraFix,2026-27,February,34,126,118.88731384277344,117.33333333333333
MAT0013,Delhi Plant,DuraFix,2026-27,February,34,132,127.56001281738281,118.33333333333333
MAT0014,Bengaluru Plant,SteelGrip,2026-27,February,34,12,14.752997398376465,13.166666666666666
MAT0014,Chennai Plant,SteelGrip,2026-27,February,34,154,150.21644592285156,151.83333333333334
MAT0014,Coimbatore Plant,SteelGrip,2026-27,February,34,75,64.09432220458984,58.333333333333336
MAT0014,Delhi Plant,SteelGrip,2026-27,February,34,26,25.42568588256836,26.0
MAT0014,Pune Plant,SteelGrip,2026-27,February,34,42,42.78201675415039,41.0
MAT0015,Pune Plant,StdGrade,2026-27,February,34,225,227.0382843017578,229.83333333333334
MAT0016,Chennai Plant,StdGrade,2026-27,February,34,148,136.99136352539062,98.66666666666667
MAT0016,Delhi Plant,StdGrade,2026-27,February,34,125,139.11239624023438,105.66666666666667
MAT0017,Bengaluru Plant,ReadyPack,2026-27,February,34,176,179.65965270996094,159.33333333333334
MAT0018,Bengaluru Plant,ClipFix,2026-27,February,34,535,522.4710693359375,531.0
MAT0018,Coimbatore Plant,ClipFix,2026-27,February,34,542,502.6312255859375,518.1666666666666
MAT0001,Chennai Plant,Nova,2026-27,March,35,124,139.07810974121094,137.66666666666666
MAT0001,Pune Plant,Nova,2026-27,March,35,135,132.7794189453125,134.16666666666666
MAT0002,Chennai Plant,Nova,2026-27,March,35,173,181.44061279296875,179.5
MAT0002,Delhi Plant,Nova,2026-27,March,35,176,187.87896728515625,196.83333333333334
MAT0003,Coimbatore Plant,Pearl,2026-27,March,35,164,171.45416259765625,165.16666666666666
MAT0004,Chennai Plant,Pearl,2026-27,March,35,88,78.12631225585938,79.83333333333333
MAT0004,Delhi Plant,Pearl,2026-27,March,35,77,78.39108276367188,80.5
MAT0004,Pune Plant,Pearl,2026-27,March,35,86,78.24440002441406,79.5
MAT0005,Bengaluru Plant,Sleek,2026-27,March,35,440,407.1775817871094,422.1666666666667
MAT0005,Pune Plant,Sleek,2026-27,March,35,433,404.5677795410156,419.1666666666667
MAT0006,Chennai Plant,Sleek,2026-27,March,35,117,124.33828735351562,136.16666666666666
MAT0006,Coimbatore Plant,Sleek,2026-27,March,35,123,124.33655548095703,146.66666666666666
MAT0007,Bengaluru Plant,AeroBreeze,2026-27,March,35,14,13.804850578308105,14.666666666666666
MAT0007,Chennai Plant,AeroBreeze,2026-27,March,35,13,14.34799575805664,15.0
MAT0007,Delhi Plant,AeroBreeze,2026-27,March,35,13,13.387123107910156,13.166666666666666
MAT0007,Pune Plant,AeroBreeze,2026-27,March,35,13,13.407649993896484,14.0
MAT0008,Delhi Plant,CoolAir,2026-27,March,35,167,296.2885437011719,380.0
MAT0009,Bengaluru Plant,Luminex,2026-27,March,35,336,326.55072021484375,376.3333333333333
MAT0009,Chennai Plant,Luminex,2026-27,March,35,342,319.7973327636719,381.1666666666667
MAT0010,Delhi Plant,BrightMax,2026-27,March,35,178,159.51605224609375,155.0
MAT0010,Pune Plant,BrightMax,2026-27,March,35,155,148.34901428222656,155.16666666666666
MAT0011,Chennai Plant,FlexiCore,2026-27,March,35,49,44.88142395019531,45.0
MAT0012,Coimbatore Plant,SafeLine,2026-27,March,35,30,27.926115036010742,30.0
MAT0012,Pune Plant,SafeLine,2026-27,March,35,32,24.325910568237305,28.0
MAT0013,Bengaluru Plant,DuraFix,2026-27,March,35,132,123.177734375,122.5
MAT0013,Delhi Plant,DuraFix,2026-27,March,35,109,113.13104248046875,126.33333333333333
MAT0014,Bengaluru Plant,SteelGrip,2026-27,March,35,13,14.142132759094238,12.333333333333334
MAT0014,Chennai Plant,SteelGrip,2026-27,March,35,143,147.16845703125,153.83333333333334
MAT0014,Coimbatore Plant,SteelGrip,2026-27,March,35,69,63.867652893066406,66.16666666666667
MAT0014,Delhi Plant,SteelGrip,2026-27,March,35,25,25.718507766723633,25.833333333333332
MAT0014,Pune Plant,SteelGrip,2026-27,March,35,42,42.01072311401367,41.833333333333336
MAT0015,Pune Plant,StdGrade,2026-27,March,35,224,228.1051025390625,227.5
MAT0016,Chennai Plant,StdGrade,2026-27,March,35,124,124.8416748046875,128.5
MAT0016,Delhi Plant,StdGrade,2026-27,March,35,132,121.68065643310547,121.66666666666667
MAT0017,Bengaluru Plant,ReadyPack,2026-27,March,35,159,184.96612548828125,165.66666666666666
MAT0018,Bengaluru Plant,ClipFix,2026-27,March,35,580,480.8907470703125,538.8333333333334
MAT0018,Coimbatore Plant,ClipFix,2026-27,March,35,500,494.9049072265625,523.8333333333334
